"","title","date"
"1","식물 사진을 올려주세요","2006.02.24"
"2","꽃들 이름좀 알려주세요","2017.03.19"
"3","미스티블루랑오하이오블루 고민중이에요ㅜㅜ","2017.03.19"
"4","꽃이름 알려주세요","2017.03.19"
"5","혹시 식물 잎파리 어떻게 닦는지 아시는분 계시나용 ㅜㅜ 추천해주세요","2017.03.19"
"6","이 나무 꽃 이름이 뭔가요","2017.03.19"
"7","혹시 이 꽃들 이름이 무엇인지 아시는분 계신가요","2017.03.19"
"8","이 나무도 다시 초록색 될 수 있나요퓨","2017.03.19"
"9","이게 대나무야자 맞나요","2017.03.19"
"10","이꽃머에요","2017.03.19"
"11","이 미니 선인장  이름 좀 알려주세요","2017.03.19"
"12","당근과 스투키","2017.03.19"
"13","카랑코에를 사왔습니다주차","2017.03.19"
"14","이 꽃 이름이 뭔지알수있을까요 구글이미지 검색도 안나오네요","2017.03.19"
"15","카랑코에 좀 봐주세요ㅠㅠ","2017.03.19"
"16","워터코인이 죽어가는데 어떻게해야되나요","2017.03.19"
"17","꽃 이름 알고싶습니다 ㅠ","2017.03.19"
"18","약초 이름 궁금합니다","2017.03.19"
"19","중학교시절 어머니께서 선인장 하나를 가져오셨는데","2017.03.19"
"20","화분을 선물받았는데 이름을 모르겠어요ㅠㅠ","2017.03.19"
"21","초보자가 기르기 좋은  식물추천좀요 ㅠ","2017.03.19"
"22","식물을 기르고 싶습니다","2017.03.19"
"23","이 나무 이름좀 알려주세요","2017.03.19"
"24","축구 좋아하는 형들 최근 이승우 기사 추천좀","2017.03.19"
"25","황금죽 수경재배 시","2017.03.19"
"26","식물용led는왜 정육점색일까요","2017.03.19"
"27","이 그림의 꽃은 실존하는 꽃인가요","2017.03.19"
"28","식물키우기 초보자좀 도와주세요 ㅠㅠ","2017.03.19"
"29","플라스틱 포트에서 분갈이하려면 몇호화분으로 하는게좋을가요","2017.03.19"
"30","꽃을 참 좋아하는데 벌레가 꼬일까봐 무서워요","2017.03.18"
